NSERT INTO PECOVATEL (ID_PECOVATEL, JMENO, ADRESA, TELEFON)
VALUES (1, 'Jan Novak', 'Technicka 12, 160 00 Praha 6', '777111222');
 
INSERT INTO PECOVATEL (ID_PECOVATEL, JMENO, ADRESA, TELEFON)
VALUES (2, 'Vojtech Stepan', 'Kolejni 45, 612 00 Brno', '777333444');
 
INSERT INTO PECOVATEL (ID_PECOVATEL, JMENO, ADRESA, TELEFON)
VALUES (3, 'Eva Dvorakova', 'Hlavni trida 102, 708 00 Ostrava', '777555666');
 
INSERT INTO PECOVATEL (ID_PECOVATEL, JMENO, ADRESA, TELEFON)
VALUES (4, 'Milan Kral', 'Studentska 8, 301 00 Plzen', '777777888');
 
INSERT INTO PECOVATEL (ID_PECOVATEL, JMENO, ADRESA, TELEFON)
VALUES (5, 'Lucie Prochazkova', 'Na Porici 18, 110 00 Praha 1', '777999000');
 
SELECT * FROM PECOVATEL;
 
INSERT INTO VETERINAR (ID_VETERINAR, JMENO, TELEFON, JMENO_KLINIKY, SPECIALIZACE)
VALUES (40, 'MVDr. Roman Jelinek', '605111222', 'Veterinarni ordinace Letna', 'chirurgie');
 
INSERT INTO VETERINAR (ID_VETERINAR, JMENO, TELEFON, JMENO_KLINIKY, SPECIALIZACE)
VALUES (41, 'MVDr. Jakub Ptacek', '605333444', 'Veterina Vinohrady', 'interna');
 
INSERT INTO VETERINAR (ID_VETERINAR, JMENO, TELEFON, JMENO_KLINIKY, SPECIALIZACE)
VALUES (42, 'MVDr. Veronika Benesova', '605555666', 'AnimalCare Praha Central', 'stomatologie');
 
SELECT * FROM VETERINAR;
 
INSERT INTO ZVIRE
(ID_ZVIRE, JMENO, DRUH, DATUM_PRIJMU, POHLAVI, PECOVATEL_ID_PECOVATEL)
VALUES
(105, 'Zofka', 'kocka', DATE '2025-01-18', 'f', 1);
 
INSERT INTO ZVIRE
(ID_ZVIRE, JMENO, DRUH, DATUM_PRIJMU, POHLAVI, PECOVATEL_ID_PECOVATEL)
VALUES
(106, 'Maja', 'lama', DATE '2025-02-19', 'f', NULL);
 
INSERT INTO ZVIRE
(ID_ZVIRE, JMENO, DRUH, DATUM_PRIJMU, POHLAVI, PECOVATEL_ID_PECOVATEL)
VALUES
(107, 'Borek', 'pes', DATE '2025-11-30', 'm', 2);
 
INSERT INTO ZVIRE
(ID_ZVIRE, JMENO, DRUH, DATUM_PRIJMU, POHLAVI, PECOVATEL_ID_PECOVATEL)
VALUES
(108, 'Kiki', 'kocka', DATE '2025-05-13', 'f', NULL);
 
INSERT INTO ZVIRE
(ID_ZVIRE, JMENO, DRUH, DATUM_PRIJMU, POHLAVI, PECOVATEL_ID_PECOVATEL)
VALUES
(109, 'Oskar', 'kralik', DATE '2025-01-01', 'm', 3);
 
INSERT INTO ZVIRE
(ID_ZVIRE, JMENO, DRUH, DATUM_PRIJMU, POHLAVI, PECOVATEL_ID_PECOVATEL)
VALUES
(110, 'Sisi', 'morce', DATE '2025-08-05', 'f', NULL);
 
INSERT INTO ZVIRE
(ID_ZVIRE, JMENO, DRUH, DATUM_PRIJMU, POHLAVI, PECOVATEL_ID_PECOVATEL)
VALUES
(111, 'Bruno', 'axolotl', DATE '2025-01-21', 'm', 2);
 
INSERT INTO ZVIRE
(ID_ZVIRE, JMENO, DRUH, DATUM_PRIJMU, POHLAVI, PECOVATEL_ID_PECOVATEL)
VALUES
(112, 'Diana', 'kocka', DATE '2025-04-28', 'f', 5);
 
INSERT INTO ZVIRE
(ID_ZVIRE, JMENO, DRUH, DATUM_PRIJMU, POHLAVI, PECOVATEL_ID_PECOVATEL)
VALUES
(113, 'Rex', 'zelva', DATE '2025-01-19', 'm', NULL);
 
INSERT INTO ZVIRE
(ID_ZVIRE, JMENO, DRUH, DATUM_PRIJMU, POHLAVI, PECOVATEL_ID_PECOVATEL)
VALUES
(114, 'Mimi', 'kocka', DATE '2025-06-10', 'f', 4);
INSERT INTO ADOPCE
(CISLO_ADOPCE, POPLATEK, DATUM_ADOPCE, POTREBA_NAVSTEVY, PECOVATEL_ID_PECOVATEL, ZVIRE_ID_ZVIRE)
VALUES
(9001, 1800, DATE '2025-02-05', 'ano', 1, 105);
 
INSERT INTO ADOPCE
(CISLO_ADOPCE, POPLATEK, DATUM_ADOPCE, POTREBA_NAVSTEVY, PECOVATEL_ID_PECOVATEL, ZVIRE_ID_ZVIRE)
VALUES
(9002, 2500, DATE '2025-12-10', 'ne', 2, 107);
 
INSERT INTO ADOPCE
(CISLO_ADOPCE, POPLATEK, DATUM_ADOPCE, POTREBA_NAVSTEVY, PECOVATEL_ID_PECOVATEL, ZVIRE_ID_ZVIRE)
VALUES
(9003, 1200, DATE '2025-01-20', 'ano', 3, 109);
 
INSERT INTO ADOPCE
(CISLO_ADOPCE, POPLATEK, DATUM_ADOPCE, POTREBA_NAVSTEVY, PECOVATEL_ID_PECOVATEL, ZVIRE_ID_ZVIRE)
VALUES
(9004, 1600, DATE '2025-02-15', 'ne', 2, 111);
 
INSERT INTO ADOPCE
(CISLO_ADOPCE, POPLATEK, DATUM_ADOPCE, POTREBA_NAVSTEVY, PECOVATEL_ID_PECOVATEL, ZVIRE_ID_ZVIRE)
VALUES
(9005, 2000, DATE '2025-05-12', 'ano', 5, 112);
 
INSERT INTO ADOPCE
(CISLO_ADOPCE, POPLATEK, DATUM_ADOPCE, POTREBA_NAVSTEVY, PECOVATEL_ID_PECOVATEL, ZVIRE_ID_ZVIRE)
VALUES
(9006, 1900, DATE '2025-06-25', 'ne', 4, 114);
 
INSERT INTO VETERINARNI_ZAZNAM
(CISLO_ZAZNAMU, DATUM_VYSETRENI, DIAGNOZA, LECBA, ZVIRE_ID_ZVIRE, VETERINAR_ID_VETERINAR)
VALUES (6001, DATE '2025-01-19', 'Kontrola po odchytu', 'Vstupni prohlidka, odcerveni, antiparazitika', 105, 40);
 
INSERT INTO VETERINARNI_ZAZNAM
(CISLO_ZAZNAMU, DATUM_VYSETRENI, DIAGNOZA, LECBA, ZVIRE_ID_ZVIRE, VETERINAR_ID_VETERINAR)
VALUES (6002, DATE '2025-02-20', 'Kontrola po odchytu', 'Vstupni prohlidka, odcerveni, antiparazitika', 106, 41);
 
INSERT INTO VETERINARNI_ZAZNAM
(CISLO_ZAZNAMU, DATUM_VYSETRENI, DIAGNOZA, LECBA, ZVIRE_ID_ZVIRE, VETERINAR_ID_VETERINAR)
VALUES (6003, DATE '2025-12-01', 'Kontrola po odchytu', 'Vstupni prohlidka, odcerveni, antiparazitika', 107, 40);
 
INSERT INTO VETERINARNI_ZAZNAM
(CISLO_ZAZNAMU, DATUM_VYSETRENI, DIAGNOZA, LECBA, ZVIRE_ID_ZVIRE, VETERINAR_ID_VETERINAR)
VALUES (6004, DATE '2025-05-14', 'Kontrola po odchytu', 'Vstupni prohlidka, odcerveni, antiparazitika', 108, 42);
 
INSERT INTO VETERINARNI_ZAZNAM
(CISLO_ZAZNAMU, DATUM_VYSETRENI, DIAGNOZA, LECBA, ZVIRE_ID_ZVIRE, VETERINAR_ID_VETERINAR)
VALUES (6005, DATE '2025-01-02', 'Kontrola po odchytu', 'Vstupni prohlidka, odcerveni, antiparazitika', 109, 41);
 
INSERT INTO VETERINARNI_ZAZNAM
(CISLO_ZAZNAMU, DATUM_VYSETRENI, DIAGNOZA, LECBA, ZVIRE_ID_ZVIRE, VETERINAR_ID_VETERINAR)
VALUES (6006, DATE '2025-08-06', 'Kontrola po odchytu', 'Vstupni prohlidka, odcerveni, antiparazitika', 110, 40);
 
INSERT INTO VETERINARNI_ZAZNAM
(CISLO_ZAZNAMU, DATUM_VYSETRENI, DIAGNOZA, LECBA, ZVIRE_ID_ZVIRE, VETERINAR_ID_VETERINAR)
VALUES (6007, DATE '2025-01-22', 'Kontrola po odchytu', 'Vstupni prohlidka, odcerveni, antiparazitika', 111, 42);
 
INSERT INTO VETERINARNI_ZAZNAM
(CISLO_ZAZNAMU, DATUM_VYSETRENI, DIAGNOZA, LECBA, ZVIRE_ID_ZVIRE, VETERINAR_ID_VETERINAR)
VALUES (6008, DATE '2025-04-29', 'Kontrola po odchytu', 'Vstupni prohlidka, odcerveni, antiparazitika', 112, 41);
 
INSERT INTO VETERINARNI_ZAZNAM
(CISLO_ZAZNAMU, DATUM_VYSETRENI, DIAGNOZA, LECBA, ZVIRE_ID_ZVIRE, VETERINAR_ID_VETERINAR)
VALUES (6009, DATE '2025-01-20', 'Kontrola po odchytu', 'Vstupni prohlidka, odcerveni, antiparazitika', 113, 40);
 
INSERT INTO VETERINARNI_ZAZNAM
(CISLO_ZAZNAMU, DATUM_VYSETRENI, DIAGNOZA, LECBA, ZVIRE_ID_ZVIRE, VETERINAR_ID_VETERINAR)
VALUES (6010, DATE '2025-06-11', 'Kontrola po odchytu', 'Vstupni prohlidka, odcerveni, antiparazitika', 114, 42);

INSERT INTO VETERINARNI_ZAZNAM
(CISLO_ZAZNAMU, DATUM_VYSETRENI, DIAGNOZA, LECBA, ZVIRE_ID_ZVIRE, VETERINAR_ID_VETERINAR)
VALUES
(2003, DATE '2025-01-05', 'Zdravotni kontrola', 'Doporucena dieta a klidovy rezim', 109, 40);
 
INSERT INTO VETERINARNI_ZAZNAM
(CISLO_ZAZNAMU, DATUM_VYSETRENI, DIAGNOZA, LECBA, ZVIRE_ID_ZVIRE, VETERINAR_ID_VETERINAR)
VALUES
(2004, DATE '2025-01-25', 'Poraneni tlapky', 'Vyplach, obvaz, kontrola za 7 dni', 109, 40);
 
INSERT INTO VETERINARNI_ZAZNAM
(CISLO_ZAZNAMU, DATUM_VYSETRENI, DIAGNOZA, LECBA, ZVIRE_ID_ZVIRE, VETERINAR_ID_VETERINAR)
VALUES
(2005, DATE '2025-02-10',  'Zaneteny koren zubu', 'Endodonticke osetreni, nasazeni antibiotik', 111, 42);
 
INSERT INTO VETERINARNI_ZAZNAM
(CISLO_ZAZNAMU, DATUM_VYSETRENI, DIAGNOZA, LECBA, ZVIRE_ID_ZVIRE, VETERINAR_ID_VETERINAR)
VALUES
(2006, DATE '2025-05-02', 'Preventivni prohlidka', 'Kontrola, doporuceni ockovani', 112, 41);
 
INSERT INTO VETERINARNI_ZAZNAM
(CISLO_ZAZNAMU, DATUM_VYSETRENI, DIAGNOZA, LECBA, ZVIRE_ID_ZVIRE, VETERINAR_ID_VETERINAR)
VALUES
(2007, DATE '2025-06-15', 'Vysetreni pred adopci', 'Potvrzeni zdravotni zpusobilosti, vystaveni zpravy', 114, 41);
